frame,left_knee,right_knee,left_elbow,right_elbow,left_shoulder,right_shoulder
10.0,178.64979861559127,153.37596420274335,43.519317126847575,149.75601957316024,33.83046355300024,72.24195344418807
11.0,179.04669895882873,179.37622436907787,98.8935689525282,138.1125441490862,43.60182521527112,48.093537577362625
12.0,177.27829740276624,178.00852768178623,147.05455672974074,161.30343332800513,17.911673876128585,44.599688849852654
12.0,175.82889265324167,179.2651805796279,139.54357996213665,173.8129772461348,11.017113564134364,40.95160313551329
22.0,162.17408858864215,162.0652210359598,155.2231357173149,142.05120652820835,13.828520785227825,3.8405996695263798
23.0,162.03546892334813,161.6879058692087,157.3818356709972,147.39340993049504,13.166017335651475,5.419211403828026
28.0,147.23673275958174,137.73361813297245,157.03957550327166,169.9213404614168,27.409451019490678,37.219216858910706
29.0,147.9950042040746,146.9788646039181,169.10946575477212,149.0288787324109,31.29062041642639,27.926305041430904
30.0,147.37287534198998,155.94558627001197,151.00688789328666,112.1826513500653,31.227418768998632,8.816950237505056
36.0,148.74620046818376,154.03376707033064,148.2652755669103,128.14123565921406,21.76813484722532,8.813401991169044
37.0,147.49898211944702,153.64961202509946,141.50605147480033,116.88883988751783,18.221985804430506,1.8983797999854772
38.0,150.99716587649888,155.08818301279987,131.56760021891608,112.97918063123062,18.30899658095392,4.385422642983681
39.0,149.35215801082916,150.75796469126402,135.75882583565476,117.35778717198366,18.31759368963698,0.6804682939394973
40.0,153.8553140895956,157.24843580189005,151.0763522466207,124.43485835545843,25.435895403671427,7.770443438420099
41.0,148.54548074089323,151.18107880799462,132.66879472353926,123.68288002946616,10.557340708824837,8.73512885650894
43.0,146.00786101751183,151.57639418881627,122.95575321044119,114.59160388703044,8.4238011359003,12.923414346758124
44.0,151.09030575332122,156.67714034600172,139.97663989254454,112.20027368736281,22.254266110194155,10.697748644016965
45.0,147.24827736115373,152.969420492569,126.4833358459419,109.36733844697936,13.106382143685916,5.409364014508823
46.0,149.55401714867492,152.6093085989993,123.34377536966407,108.74064420777664,14.809766147127194,11.053533773002515
52.0,144.8367565691843,147.04742365331506,135.3670726537415,124.63254358236082,18.637041293424367,7.011645260740176
63.0,177.06583795583583,168.76989740094407,55.695302891248964,145.95684173328837,99.31460677447932,66.89986971437415
64.0,173.1376567029256,164.96448255797313,8.178485655988117,138.34410843229372,86.18783576026267,72.81030304305801
66.0,177.89324785920567,164.52549459945686,10.407167393591061,169.22376300125023,80.43795060102659,8.806949944411173
67.0,176.0009513992384,164.2065580997751,20.483769420901496,149.29231667162864,69.98093826885388,5.384925396212956
68.0,162.32118752025872,150.67517765335558,118.94631142279498,178.4252160356515,11.729753231583318,20.686778068728792
69.0,159.41974924631776,158.32291126361514,94.19346679687878,82.61838895675095,33.160289774198674,34.69010762688618
70.0,164.91796940124806,162.438811498612,14.266879616829433,58.39275623927325,59.20346670509285,73.18765031322779
71.0,179.73783653609468,164.02562684002652,43.789403938000504,113.03408898052786,81.6313886519415,83.09125826200422
73.0,162.70838657512567,168.0033507110889,111.16334100771216,132.3097351956396,16.725641666585886,25.205658326948043
74.0,161.0191046339188,167.6580337684302,142.48544123383587,132.00919449800097,44.48432099045423,36.42284227789556
75.0,160.8346769193855,163.36637486241193,171.89890817979696,151.06673837734314,116.42598588786335,83.93453325474455
77.0,161.66851322853353,164.67585008134418,131.54518699843447,141.29973838821513,41.21542707278546,49.82351217740695
78.0,163.40547904266046,169.8458697213206,167.09839483384135,138.16812628757864,49.93857958996407,32.9438724912565
79.0,162.3815033986821,165.49797318737714,150.22922406550322,133.56433187723596,27.64499666242364,28.2473907689781
80.0,163.76301234220784,167.07315633455946,170.14894684534977,158.18547483279607,34.75736376614235,33.04661607412005
80.0,161.96105463432335,158.22436183547802,146.5033729774514,146.58320661398616,3.485883878252829,10.834328425729511
80.0,163.25247641771819,159.076600506066,167.5314478369571,165.00359140487805,23.62268954543005,23.728632959582658
85.0,177.7002177280177,153.20655615778617,119.25999032373339,171.18323267907823,2.8266759135225454,41.80930490797015
86.0,172.02193076599949,156.5794747570531,106.82056624373375,169.5726521201886,10.953294924646489,41.893163413388784
87.0,178.7204920102263,160.6276373676623,112.9127446964218,176.9140743437743,10.720715376801756,26.624986075922106
88.0,176.09149158737304,158.28269914687507,143.33829852871955,161.4592680668237,24.92121298395218,42.76212136797867
88.0,178.2917918468024,153.32849296176434,127.07279145940629,163.803188215567,3.00728503484297,26.546071344140948
89.0,167.8590196612831,145.23618706278165,128.59267917335868,140.2312483766162,2.119286510699591,11.943735974088575
89.0,168.5294941274335,150.4285145175416,132.9986716589747,146.12037672343658,0.300697221289624,12.100759405156857
89.0,175.55287002653282,166.82541182701092,133.23206983276972,144.80628943794267,4.650785872090498,8.424620316772485
90.0,170.24001454388733,146.7523086591634,125.212761657442,132.23609860616165,2.8572026105706603,8.540796124275245
90.0,171.88176200323355,163.2027277655933,128.77017200743802,137.20082008167938,5.460547799394256,2.909349456314927
91.0,168.86123265998918,140.72421902767536,125.43566356418116,137.1887756573254,3.30676446247007,10.916855900658177
92.0,157.72859904218717,145.7924007566628,123.99071885067315,127.09448828122686,7.290311816031379,0.039159968336802686
92.0,168.40498561541148,161.96905956898593,110.15069016834025,121.87911674244343,25.73971032054031,9.664524358172562
93.0,165.3551105211513,148.29217151737936,157.8329098834904,151.60389808848444,38.27525024125686,32.776873690633884
94.0,146.1259365026765,126.81907057509592,128.90966452942084,128.55475601532964,17.041940048028362,16.594689759129853
95.0,153.3626404995403,136.13539235300902,114.73142890582463,111.88804690757944,6.780365050873151,8.025866845741579
96.0,157.55567865214752,132.56362358802517,122.43111464087713,102.61075254782956,5.109730680228734,11.67265726157424
97.0,141.39633399738213,122.68822042768846,111.27855919934905,122.96831061250305,3.94946710527562,8.565353980897683
97.0,175.13510138930573,177.36630713228502,160.25157072010276,158.66611613645475,25.790068364178595,34.82295206724958
98.0,149.56174035451858,132.9991800006475,114.64630636038513,123.7793672196922,1.4948033320565803,11.19123564699423
98.0,176.1372944202882,178.12378919864642,161.06645763411285,157.28616422188742,25.168503090491313,35.98665913830775
99.0,145.88455734324813,128.46738299615794,122.39479490066064,57.419373426197616,10.69302713991246,49.0568863306075
100.0,156.46619336007458,144.26048451510607,119.9060019552112,127.7375543672253,6.385180606325643,18.369051741667928
100.0,174.52112799546802,174.12222819630722,155.87396320102835,153.82359842336746,26.80035402588565,23.531407182654203
101.0,144.35803129852076,141.04674146353548,122.3772315108348,109.68343876774817,8.656376803009008,3.819505422895962
101.0,174.08018249776265,175.7952061660024,169.9712610920787,162.93125677232067,12.246894206275584,23.1248453197633
102.0,158.7479332378855,101.44048276227505,134.7699010043485,118.8511606981061,18.242062775630856,13.547283095663461
102.0,172.6448143221288,172.5895179765539,146.21357208679842,147.41426953779944,19.79858937842465,20.13218984690395
103.0,92.32212266881375,94.4790145240289,106.97676211460687,103.2356138415023,3.1515096890898406,6.776844877102767
103.0,174.60913319106746,176.73899073507394,171.30695776288098,165.3090301767192,9.486989732822341,17.92121487164982
104.0,90.94824803107831,94.07358478435792,109.87111656100888,102.17587550715069,5.405980956498667,6.686305298159214
104.0,175.34281552653806,173.89870117782436,154.61443828127932,159.23466608796858,18.002935585722668,22.67760526856712
105.0,164.90400423907963,114.58863740198233,107.99655606791742,99.04867937258152,8.644662036873635,5.463526925864772
106.0,93.29788567638603,97.93477480216414,90.8533568292145,69.98443442736594,8.016666394759964,11.408171971124949
107.0,90.864766512713,97.44843674186768,94.51601004894854,70.52143317716347,7.148305901109406,13.521205989579476
108.0,131.14597677164923,133.81780845300935,97.40525883172485,73.23646162657859,4.16520523752492,8.606725519696793
109.0,133.6339139773916,159.04023586101485,101.49857843106872,72.26359206714139,4.626501204965934,9.869638732305946
110.0,108.39267723918344,144.76365726071336,89.8813107614908,69.017341752123,4.997817560461189,10.53749691866966
111.0,87.73114122471172,21.36473754008255,90.26844053145595,68.07647444172648,5.173460322037141,9.011179880727708
112.0,88.26435309746572,25.381653864146134,85.58620844049598,69.99399494743803,11.127456675816092,6.4597865051662255
113.0,88.7554380643606,11.591949418088223,96.61839505025678,68.33936885782148,19.353606291663695,6.217048131999372
114.0,87.38668501413011,3.422538718190156,90.1040821445596,68.5905446661129,15.798785003000953,5.226257149419323
115.0,87.79059844186962,26.105933715319438,99.92520864498458,66.5835473618445,15.895958911808586,6.265024010462418
115.0,174.36813060580369,172.95014170900927,147.4344961930376,168.97724420190625,19.119654019969722,48.02090415662853
116.0,85.50970254020744,52.10003508743004,93.89471232735578,65.6430075331926,12.241395981387656,5.397443676349684
117.0,85.67160713564103,91.346443338721,71.11374252824136,66.46246335248783,12.98652164729933,4.95960965736323
118.0,97.08404536861897,90.71323111799754,52.53363086742513,67.77287399547576,14.348195853609637,1.9286422397037897
118.0,171.43759995059477,174.10687844867834,166.37328337637592,156.16680610662874,7.151034156115883,17.859803111353248
119.0,85.15963760016687,89.42099087561225,53.46035340610152,67.13622218083002,20.831284874979794,2.1750589128453113
119.0,173.09096021424995,176.32082818631693,160.14226253837342,149.22550433422674,7.108259023921996,18.3538243010029
120.0,84.16783051202835,92.42378528203531,87.24590277596602,67.12305929820148,16.94851723217922,2.4927901880538412
120.0,171.41145296960684,174.46716978697302,158.8097616243357,148.0673471824124,6.716041992484493,17.777270698128902
121.0,108.45153066071471,64.06021282603841,18.305729843825148,6.030918729683115,9.46647619394858,50.23110814949018
121.0,170.92564276695464,173.02443805327346,155.07650189333282,134.12691069891886,6.763030930648019,23.21799343371291
122.0,74.70326691363813,74.38523179987871,42.45463847842117,12.815198429605775,3.3854077618621647,45.46004122984
123.0,77.96471740204352,57.56451953444901,87.41090854583992,27.035581354244314,25.47036230844488,37.156456152999894
124.0,109.38282116653743,64.38104770077382,59.825109552751144,2.9517689958248847,9.627755431181088,52.99562841997168
125.0,78.74196139736658,67.25457238856302,85.3275996908672,43.35542562718531,4.5479171409205135,24.393943272558836
126.0,74.473214880303,69.69609854209311,81.51022293623355,51.398628534755545,7.811076727168289,10.77287018872793
127.0,69.55230922214787,63.254400107892586,61.91692954012486,40.19596020348299,10.732420844259783,16.306573834947077
128.0,124.97219956360806,65.32980722855214,75.64587553955188,45.869479224690025,12.845190642581947,11.698221636595624
129.0,109.4071163647675,89.61455815026628,146.41768531524247,156.37137975588186,64.5486987239251,83.57352433797152
130.0,60.97469025526402,57.28983951764151,82.19872312159984,38.91978919295136,29.425109863627775,21.888231611109603
131.0,88.21946709802974,66.88547094511797,72.16643165504229,51.83821828859788,19.128099155237337,0.3186085693170765
132.0,54.40375956221194,61.578585666519956,75.11414354007775,41.772406813340645,29.01470573445394,5.305944075811141
133.0,145.273679665617,76.87137535900533,66.99018926456934,55.229315328779215,19.10832753859288,3.009050242989851
134.0,133.62836620001363,95.05883296474413,64.50963321643523,56.62835811355531,16.929292941261945,7.503388237896291
135.0,138.776859223874,105.47752245651708,60.393049833982964,56.20147392557547,17.40953313163926,10.637455890304434
136.0,137.84867155493282,89.89889998252345,63.697040963948574,57.863878812063604,20.146061371153156,10.768941130974657
137.0,139.49045293892254,90.15208918807377,60.06254143551852,56.01328888691319,19.899335507499856,10.17299148578816
138.0,135.42575958753616,60.63538108557407,61.71708400239992,57.3934522850664,20.073816147040898,9.909609149253905
139.0,135.74943077367155,69.64040583510094,64.01524885559303,58.067253898208406,22.190782571863764,9.955402720069143
140.0,134.89122374455656,67.09233970190192,64.15859920918471,57.96715902204381,21.872680526877907,10.288255191258841
141.0,136.87804106473212,71.22279754953121,62.05702908967509,58.160210493775935,21.739334275231613,11.098387126664026
142.0,138.0053709842499,72.84263700966733,61.41725571761004,58.76826691975434,22.405400314215452,12.058104046481482
143.0,133.41553441745083,66.67283161305996,60.42739230187628,58.170244578604894,22.28577367460449,11.821973015583437
144.0,132.3764691065822,77.41087490820999,59.94266077073387,58.34581391394309,22.375204212466603,11.97943611978119
144.0,170.34057528500702,172.2297011266295,161.04251146416226,142.79059121100175,10.084615188138349,26.598901112056577
145.0,131.05586938016089,47.06844874912385,54.53093097820677,56.8001581800987,19.947255243082704,11.491071885745527
145.0,170.62656926989547,172.27525681203298,159.75360297733468,138.8212092252146,8.242472519611413,27.398945653051765
146.0,131.98081654409546,62.01880494725201,55.45511656866631,56.36340602123812,20.636233610126077,11.691297188069296
147.0,130.5509531654169,48.72676646246922,54.01475893408996,55.25316564734232,19.11080938478244,10.797744222879794
147.0,169.81438157746777,172.81994741266797,161.31848304616142,155.22198675695444,18.833681527050093,30.70052803160507
148.0,130.85894468175007,50.2199115435432,55.675415695363704,55.68597810422217,18.292850022708013,10.026476044132359
149.0,109.1019017475326,55.65019149748918,49.376773970924866,53.45489721234804,18.10001249261375,8.993583936776238
150.0,127.09382839876969,35.076913395058625,51.689601054857704,53.05246633488856,16.816307397788258,9.14823382686391
151.0,125.53985463517769,23.2607660522057,43.639977166386196,49.12725329649162,11.876683692570229,7.7223325865655905
152.0,125.5374570615448,18.258556238729483,39.448681368995025,47.03317415426689,10.473455028218364,6.2293847133816005
153.0,122.27064561349354,20.528134315892785,36.37541848387882,46.0690331225698,9.539140196230836,6.132384470323622
154.0,125.9328962258147,34.33882063888603,35.58654261389185,46.41001631053695,10.018458317292897,6.2655815822069005
155.0,113.64487670104285,50.77847509719256,38.32610221450522,50.70429982298671,16.905275019961742,10.995425263827663
156.0,134.62717481003634,86.8576099967988,49.11945656826898,57.774372180431094,18.83257406181156,13.704750546113427
157.0,132.69437895161224,84.67691743796775,45.26114073805138,55.644398674851665,20.1538117618335,14.651607183424826
158.0,139.04113521391776,96.66655191236921,46.743857471386356,58.34471139780345,22.19040258344577,17.49666079220987
159.0,142.72165494939136,109.01408712742617,48.34867730579765,56.81915054595573,23.56245007964151,19.212742244514825
160.0,140.32886750560178,101.78263866868987,47.840295338985605,56.31251578691348,24.070851608502096,19.244957395934026
161.0,139.07848063578842,89.50110991599253,48.0157029988183,56.897184446318846,26.02477506883608,19.99013468646764
162.0,137.51487908457645,86.91035184025996,47.65753088001192,58.87363317426865,26.759709045470714,22.193414729306284
163.0,133.07506384202978,96.8582917332523,46.336246838432004,59.50300569155484,25.664945520132253,24.103860438735524
164.0,130.08544310837658,104.37587368088386,45.14659593546081,58.62972001535411,25.037998250399426,25.820110153822124
165.0,110.27999636619411,99.5310563741042,43.40386804637865,58.97685712295664,27.186276897515544,26.782438334881487
166.0,112.48558401445719,102.75886712749093,42.76542544266185,59.01470367835148,27.39663028834361,26.988259396146304
167.0,110.3343272181465,97.66558443062067,41.101448141410586,58.538040605374384,28.273650452479185,26.711443547520627
168.0,109.09849740370876,99.6637082087819,42.0013110188436,58.83312235816586,29.933180925943535,27.63410007328714
169.0,109.24948658909463,99.26965084190918,42.082747665865,60.09435701176411,31.63394087059872,29.821233299878354
170.0,121.80881210282058,107.92831749714689,42.823408280268865,61.446848325361586,32.62345219942179,31.379930284808008
171.0,113.09417868980842,90.51419608707872,46.878607455019136,65.83425336576077,36.83319530923168,34.78790248124439
172.0,116.5497287437453,89.46302814477444,48.00373507936167,67.15717013283682,36.72126143032594,35.48699239729403
173.0,116.88014347662204,92.56872627136667,50.7836611301509,69.32451394394246,38.9109461278076,35.730660391096116
174.0,121.59449489367223,91.628367256875,51.15590054540057,70.58039648165078,39.62215773782766,37.37813123716193
175.0,137.87965927805624,116.89063745297334,52.876418819214216,67.08340428147318,40.116688233947585,38.28077020977559
176.0,142.31614052763052,128.45294411316235,52.00097302861311,68.41478203218719,40.22963749180742,39.20605381929857
177.0,143.73325479067137,117.00251866977483,46.50735455007862,67.88264593016906,39.351118025336916,37.23572703537002
178.0,135.95489572465408,102.06348206388351,46.746554349163766,67.19844144489701,42.01882160246156,37.48621551670262
179.0,144.21474716671594,103.1881574960269,47.50435325197865,68.63408720690637,43.08188855505882,38.2279920532187
180.0,146.47446194633687,108.92529623856257,48.02266380538855,70.4752703916096,43.18595463816785,40.691563308090835
181.0,140.19344456356234,92.75135697879553,49.4156144284296,72.55345828123863,44.62846906032227,42.117665756606314
182.0,147.54875616397692,101.05956099563225,50.362104566975404,72.8272585496678,45.273272950881555,42.99519182996385
183.0,148.78500258188112,114.01092109392856,50.40505654138329,74.62294388120816,45.967904148413986,45.29185985591184
184.0,166.18529717240554,129.08201327622913,54.36694341774415,78.42081575206014,49.6643512794854,49.01626672660948
185.0,163.55404912469305,145.35996384206015,57.12863830879502,79.13772307144615,51.62006823807969,50.383581868553854
186.0,153.5888451199538,157.25747807412495,60.01336541705357,80.20536758361422,53.18055465727691,51.35021024349863
187.0,166.250227564843,131.33469504540764,60.80330521242243,82.51492288100887,53.93616865801761,55.335858268333126
188.0,169.9723973926686,132.7872368269696,60.5049778989525,83.69952773449542,54.175340621254485,57.47090077189432
189.0,172.429117824818,122.85094461771497,60.21467454250989,85.52557813147676,54.151400623377285,59.80521941089369
190.0,159.41774524238207,142.61404534035194,61.654220576721535,85.94281711918485,55.556886059671186,60.53136815490705
191.0,166.46485347313657,134.88567701179903,63.50548564202482,88.57318681168513,57.98401288043075,62.6577313123438
192.0,179.46178514864565,133.8227754521596,64.77699271569504,90.18684312870627,59.52110619715326,64.90067965444482
193.0,171.4266744836691,145.4250154084724,65.7105892141528,90.92407216749402,60.18448197767529,65.55161249754507
194.0,178.35197465156617,134.33468057979795,68.44262800839893,92.6334427929026,62.73652423148017,68.37980536067018
195.0,179.31296066253643,129.87047036379604,69.59765563032971,94.71856429355012,64.7221440312156,69.7911202884686
196.0,173.63076211510548,128.36453400366761,69.63907015888353,95.79711283009635,66.47250648678269,70.06784607442295
197.0,178.50074905208686,138.16854248776568,69.47146970156278,95.88095057810335,66.68885275303472,70.46218171823267
198.0,175.62986970805935,138.2967476738701,70.70589276895787,95.79729286614997,66.7927231393148,71.28996722637152
199.0,166.05099814148554,133.3072301929772,73.36528845246157,97.75276902493609,69.04814166808413,74.52620247922823
200.0,162.95369046275033,122.97536302013876,74.14948814901159,100.3136369751414,72.11306239234975,77.78458694664424
201.0,165.04707513122395,115.46467285808902,74.5241837221049,105.18326526598052,75.10479088899277,82.13832022827454
201.0,174.69331798375927,178.9287973306647,166.5024052041962,158.9791545754669,16.720603232469863,18.6703209561745
202.0,157.08528306859253,118.05136324723951,75.83438329863425,105.65937681062937,75.97148346069895,82.86953150884177
203.0,152.00163628983486,109.90395501409844,77.17076051537894,110.6297992263784,78.9944527629558,86.22874358447403
204.0,151.96486400230737,111.60356850763006,77.41983356762799,111.4838204746086,79.95318945458025,87.33712789991695
205.0,155.9319733196475,116.20094451319272,79.3425624931417,113.53990987258538,82.14506440722596,89.07972824408526
206.0,160.60739347304474,115.3284934704757,79.7167081224263,114.01006985753186,83.2513458964367,90.45667732108454
207.0,155.66360617974536,110.71819345056437,82.82456684992064,119.78522867722928,85.46999413769916,94.82153257203441
207.0,74.97546306310952,62.21320597866205,63.29156010895379,41.28332420597841,11.747097466928182,15.983333732812053
208.0,159.01443746347084,114.69365921697498,85.30703235677572,122.11102935348833,87.50522686989179,96.17616257949409
208.0,70.99439562176954,58.31935125119684,64.94068836191511,38.77453580811557,10.198256139029462,18.049922152702717
209.0,154.7722071808039,102.30156671855819,87.46206858645014,130.80165158396352,90.61323716236693,102.84649222647312
209.0,40.4790027846486,32.111052518458436,68.76044747985638,46.0522226056999,10.975767435840933,18.797603955009915
210.0,159.5911424283379,111.07733914602518,88.39252099453854,132.54283655870375,90.97501110626274,105.45669697965782
210.0,36.80153880205167,30.3591349910952,71.58229066608607,48.865677122846805,10.456899586904076,18.395061861181112
211.0,158.9844904604015,108.15774272133689,88.01334118980466,133.64648125768286,89.94179345096607,105.33115698065163
211.0,77.01110724295542,54.70856849384118,63.29688666005818,40.44384638354598,11.896481987796257,19.375608699695313
212.0,154.94069973115376,109.14094940671505,87.64108871783922,131.67413556245683,90.71575388128085,103.81463698761823
212.0,73.2856415099231,48.575976483243885,66.34654141994626,43.99956764124618,12.946388498669597,19.43540347227181
213.0,168.8668538497726,114.22645337336012,88.25122549316849,129.96074744966174,89.83978154222308,100.96967848229757
214.0,168.17116105288716,120.44207743910596,86.82051082784241,131.2470543391402,89.36145015704032,102.78135532178194
215.0,163.35596893563917,106.11859367047492,86.82028932422513,132.08071911092853,89.2671706627526,103.09247140454902
216.0,173.33987740680655,115.93861378373964,86.8702750306275,134.46142363434817,89.43757249638134,104.22657130076999
217.0,157.14624089032324,106.84802343615273,86.00354217185154,136.98641949203756,91.4045417458675,106.68084708606511
218.0,148.823970052106,101.30562865060593,87.12615978429277,138.99920990116178,92.54663355098839,107.60056053174384
219.0,159.8714829199591,94.53597882905628,87.03354410741399,143.2060149713255,93.93477445641379,110.04376875353995
220.0,157.82225895857533,96.30114216142915,85.41637361266271,144.6491193456724,93.7425514397151,110.49743936095729
221.0,151.96626600736104,94.66937250095198,86.9383223506849,144.23868106552996,95.80646539067531,112.6327910233835
222.0,164.30741237647808,92.06805916205975,85.82257417529827,146.04166523132037,96.14034077464432,112.91002693292725
223.0,168.27859850473402,96.85835770923373,84.37370080195933,146.75795985736445,95.13536218028374,112.65126009768329
224.0,168.64144397369128,103.85878709020793,85.08358328219832,145.04620990777693,95.38800377693278,111.64914171561865
225.0,172.0029213850027,107.64419129715478,85.02677048036429,148.36056244736275,94.94123442601258,113.20656129924791
226.0,158.6154085197289,110.30337929127813,94.18797675149011,142.99910576275772,99.0418888764317,110.64525272245567
227.0,140.38343711348358,111.80984049882447,91.97045625367616,141.0341590927917,97.50740340447592,112.08476490289677
228.0,147.0351242212236,113.17960593291433,92.59224118926191,143.8765997397303,97.4136775218046,113.08824322916193
229.0,147.0395147218956,109.4204097355194,91.97675321206464,144.41858977442064,98.27074863597197,113.21880430896431
230.0,143.6743539436699,107.78229405008932,92.63099028749284,146.2415084547693,98.60611017767259,114.17582422186904
231.0,149.64389964147497,109.27007266530657,92.13142151886665,145.7743246044599,99.57934345015052,113.9866512221201
232.0,148.23307668298028,105.33656250838855,92.53775131096376,149.10853150246302,100.3312540613789,116.71430353608162
233.0,152.07134256890964,105.86162284017955,91.55733089540247,150.68456872897647,101.46946132655167,116.76228394401322
234.0,154.0702670800341,105.71591984807588,92.26000140221232,153.77388511828244,102.38756561845761,115.20704692277009
235.0,144.46216952590007,108.65442938962302,90.43644661289338,147.07179281721264,99.7716317556222,104.00282498144209
236.0,137.27094442530642,112.22099493388149,90.18664463953725,133.149085064894,99.59006058910862,87.24403426252117
237.0,140.02812905691226,116.35038883116927,88.5851638581011,135.03685957887936,97.97160151757299,89.85623125925765
238.0,144.2172029158386,109.99100412098635,91.07077764584339,151.85563027638827,104.2754717140175,113.61840804343494
239.0,152.7569639793027,119.93778172962304,90.20057617636779,144.83311987823038,103.14522491890483,103.24918541989504
240.0,145.70839532015364,112.86465469977112,92.48490366785802,156.12432013121406,105.88124783063147,117.44388094689637
241.0,172.1667035952572,134.33424104521384,87.26944138960923,151.20349416235484,98.77209602213604,115.60519997509547
242.0,173.73695869658096,128.30662074657113,89.35911781653884,152.7447599378899,100.96973664442356,116.86821583870608
243.0,177.39477888581487,113.14399677196386,91.01767404988279,151.62291741811623,103.12641993557489,120.42051011966679
244.0,145.84570512123807,106.2679773826023,98.31913300019221,156.4350221494071,110.25721282559925,122.70844485838131
245.0,141.39982793998624,106.62627483491515,97.80554904821207,158.91279006950296,109.8271531019111,124.6470890338141
246.0,156.94426655367798,107.39525245892455,98.49977190775986,151.19282474759012,108.29615096371145,123.20609215740625
247.0,173.60977893485975,115.16005408670586,97.56295910040708,148.09244588741265,106.33355672971965,121.86012410708933
248.0,168.99636435319928,117.8329826219837,98.84836209192713,147.3561458524549,106.62727624766735,121.04337376013784
249.0,153.13518470688578,170.22487972613928,94.21998213604891,141.23522849600286,98.87032467280632,116.6175993932977
250.0,156.44467649329377,157.5430748518657,97.91629209101885,147.18339049551915,102.84619933879395,119.84914656881026
251.0,148.6204589059032,141.81801929181495,95.97098836477986,141.98395451114413,101.65908789767113,116.75266679896872
252.0,136.8410184465633,93.80972561796371,94.93827629349795,153.6544799050333,105.43716890385444,124.76608247478947
253.0,155.02268936538158,115.72363780246863,95.4651952605952,138.04787778311507,104.75857176251715,122.45229947586597
254.0,149.74123739685052,110.1091233531071,99.36090037537735,152.37719516051962,108.18937889431744,125.19684387942243
255.0,116.80725944868557,92.87459385343028,103.11677691486237,148.23282567434933,111.0800039513113,120.45189323473892
256.0,114.75243852839009,90.77014695016612,102.91329847982936,136.49866126671387,113.72859921378027,118.54779307690441
257.0,146.8341069899021,101.93893231972488,110.46588721035204,118.3700748241934,120.85374180983115,107.90557943360149
258.0,149.7865531976547,105.34033336855052,118.82032390403398,111.65758728342276,123.64870231566013,110.5212141110256
259.0,157.1422052998578,105.2959571566678,123.68460325240267,108.45278329654246,127.2611107024692,111.20431967971933
260.0,159.07897006918327,107.71701382263737,118.12102231763834,115.00756763300782,127.0710831763578,112.42397283637442
261.0,134.88104592350717,96.78228379435701,110.79523398459635,153.6948054339562,123.37655919028518,120.80074781622412
262.0,120.81660511891371,92.08187515807113,115.15436984502207,160.98681139794408,124.66199196164816,126.42514265441963
263.0,123.72751465479159,102.45434900201245,116.48365188860555,164.05928888873552,129.57244796536807,129.80861083527125
264.0,115.05862935947735,91.94767082971127,118.55207917962191,163.43270526361854,128.7191649576983,131.25769334848965
265.0,118.26769930399267,92.49456075364931,121.30482969904281,165.07875178135748,128.8712154382377,133.64112357180005
266.0,141.61227419086921,111.24537790287124,120.00038715399505,169.73801687046375,129.14385433933825,138.16851180531197
267.0,157.02541503417075,115.42678362560424,105.9282917281847,177.97210784776067,119.8235978395746,137.08163474616293
268.0,154.9529260087936,107.31046444801905,106.73744326599507,173.80144354901063,122.16601096290508,144.03999682669104
269.0,132.63125589303436,102.15297116480092,123.30800256402112,178.71724967595736,129.27410629374253,143.52047549130353
270.0,126.64449536652641,100.55793815718489,125.5636626642737,176.16419436441555,130.0123161259058,146.42381018068477
271.0,168.0058243806273,78.52298315924003,110.36528419608388,171.27429300339486,125.06717353000997,147.504470553159
272.0,146.47342779806425,105.4885497247881,129.28157428891512,177.974950796549,132.44711466032393,148.18603763916994
273.0,141.97962253534706,98.838377423231,131.98048177281223,175.66206328286745,132.57815785593678,149.27271948418692
274.0,133.27676246106876,35.34129663191873,119.69397066725,162.41333202084786,124.61242388756139,152.2458907836606
275.0,151.85913754465165,74.31202786900833,135.0118642321416,169.4317498807737,133.07616979662728,152.87355960004209
276.0,158.8868633678182,103.9667489010451,136.70038500712857,172.8953385379209,134.50010734787074,152.02569467891738
276.0,173.5325091014265,177.2101600817424,162.59689041806007,165.84964941083854,27.314273671239306,25.8859266509106
277.0,137.1411325524989,17.58140665730399,130.48891985046458,155.26115053343685,126.69438092007755,157.84052997251894
277.0,174.08434056805265,177.81708345733134,164.34592311187876,164.16051529995713,25.365053636945127,27.945154688032606
278.0,160.32300492798043,80.42248195337771,136.1819918948689,170.34937125958845,134.04546249820407,153.06780070307676
278.0,173.9641664723611,177.63115458958345,166.54989638210074,164.30687869202274,23.246756188577056,27.976518712003443
279.0,177.81617003294258,104.69852648266001,134.9101879161568,176.88146274996376,135.0081011154503,154.23415532378556
280.0,167.96315794612954,111.11139215296348,133.72308470259105,175.51674730296637,134.37130462043612,155.03788421982586
281.0,172.49437083488507,111.57576368585347,134.37976931652182,173.46038330819135,135.21617458274358,156.68969847495873
282.0,175.91123370797914,64.11266110158107,133.11965625043342,163.59579473581132,134.55820755924893,160.77845522693343
283.0,165.24950196531591,71.60497071805622,136.74124158370807,160.89619390705198,137.97007388932894,161.9640445609733
284.0,145.5903093945551,70.86012255648896,136.8889725094891,160.699551395488,137.67309187374087,161.45131868518817
285.0,103.99931067768046,24.579046178758233,128.24343593364827,149.9408304367836,130.3078961133876,162.03338901108407
286.0,108.78064125416618,24.313994914821578,130.4363204819098,150.48591606567726,132.00959364040284,161.8413301484629
287.0,112.43774550443136,28.09636685479751,133.96994451278366,149.7172696385049,134.04379511735698,161.82478166217996
288.0,174.748030782335,65.78090944905667,134.9568932014734,157.2809778840942,137.92864413763454,161.07357362742513
289.0,171.02230357264054,69.98270191321161,135.1251644645282,158.6205507177104,138.9763137214076,161.55053447372566
290.0,171.65456827487913,84.58175952981833,136.25055145535228,158.31047646144486,140.16320623280512,162.247762769717
291.0,151.80226963341343,155.59869109152862,135.67065865208966,167.09174208086338,138.55885774590726,162.13875490186481
292.0,152.5163147739587,146.70112824504065,138.93138509653784,171.1843376982566,138.33798912297266,158.1369702023279
293.0,154.50969504458058,155.03144771013086,136.55821388249964,172.50914808942508,136.5677188089169,159.28766223433252
294.0,156.08892352124278,149.76649057540266,137.66098830325888,169.2579937259188,137.61471343681728,160.5967983516893
295.0,157.68773856070914,156.2870423907067,139.81028115301177,170.1880404754402,139.15979987957925,160.75386845179005
296.0,158.58351012136671,166.2937697960174,139.59497949600504,166.62458178194848,139.09420806569852,162.5348395097304
297.0,157.4157973213089,178.72410403540624,137.57485247915588,163.92919036327973,139.4014130625242,164.8207366086241
298.0,155.65488850896082,165.5134480060218,134.26016228079462,161.8319622248575,138.13549835919548,166.47710275262972
299.0,155.62393098383257,173.4783547928533,135.71152269367983,155.93874170718595,140.80280006555623,166.84418063743564
300.0,157.39781587051402,174.52594811994183,135.96776977121087,152.84167531614452,141.24811892055968,167.32123236310613
301.0,156.51110159659623,174.63622871912298,138.80011140149702,150.93266789794427,143.46295114527337,168.22800845202218
302.0,154.51939565561872,176.09156494532596,138.5427750528059,150.55726413091386,142.85175294129837,168.68847181657264
303.0,156.73168495972573,177.66018395680942,138.71070210892594,149.0805435830028,143.14291956327517,169.16437489845248
304.0,153.8455075491507,156.87839547107077,139.9495247459557,150.13851579798518,143.30206126839627,168.3879523593387
305.0,144.0307368189618,153.11300316727903,137.2535118755019,148.75860704418739,142.35055518875743,167.8592321206806
306.0,140.71847087649124,155.9745118406741,136.81039638392843,143.51942667386157,142.37940031804987,169.20620366717674
307.0,141.81470719781242,155.89245740144415,136.4925166960361,141.26690197251233,143.1978349665725,171.26043253603757
308.0,136.04126614353987,179.23079568052734,135.97800943130858,137.03230153078474,142.7452808992604,172.6101588379552
309.0,135.15514428803198,177.17019530955358,135.77855141654015,137.53018073633274,143.05905161469988,173.7021359033168
310.0,141.2011457880563,167.11205116294155,138.31054335753686,138.4750563600779,144.12604791312617,172.95575676601962
311.0,145.82917156386353,164.13620383414124,139.35221285416654,141.67338124986134,144.55722519176456,174.8898597337561
312.0,149.67385522586824,160.63795621208033,139.90884173892718,143.2721665643344,144.45672115901013,174.96161883845417
313.0,146.59026139292652,160.15927404162468,141.22568834301887,144.02244693445041,145.67146085078102,176.65929896263992
314.0,137.38185166999077,175.45610174895452,142.32998829669793,141.83684982565526,145.4097657931408,177.41787706071077
315.0,138.51706672470834,171.53480087235474,142.39845045210222,146.1430414573485,145.3224861273127,177.27368595739887
316.0,135.03511837883065,165.24810074930934,144.73208059371504,147.61293775235677,145.83641854340866,176.8916515518527
317.0,134.08851288580044,167.37302591565455,143.52349632708928,148.78907048960957,145.2017862220913,177.3316049775521
318.0,135.96369402837468,160.9051097643394,143.99934456611336,149.48350049439787,145.2604163333916,177.87192889511408
319.0,136.71642563031227,139.64914882118418,145.18781898423828,148.78615868790757,145.2157382891223,177.6244064478355
320.0,130.7969001718954,136.17979639121197,145.8190266867764,148.61353521717007,145.4714063646291,177.07903275564558
321.0,120.81393936545041,152.860269858218,146.74848820432476,146.01895136290926,144.87636615807386,178.41194275202866
322.0,117.36888099982497,141.35044224009664,147.79273219739463,142.53847295064563,144.75861185034384,178.62226531798785
323.0,114.22412153208036,151.09222367400636,151.45520029951868,142.3076384829282,145.96853206240613,179.14535598081204
324.0,114.2949833388659,178.86310518773493,153.6854941529911,142.32552638375256,146.63069136645527,179.30931021730564
325.0,111.36375728866948,172.21781940356223,153.02623999260268,140.05771875671024,146.9008304688938,178.04250627855205
326.0,113.74858501487991,176.93977064251308,153.19796297524184,140.94973217080147,148.37856907781762,178.27312592252323
327.0,108.40426624744404,159.63495512203846,149.19842049640783,147.26456443104726,147.12470344051837,177.96190829031073
328.0,115.7779640558478,177.4120773530144,149.18596511331546,152.61367565580923,146.51280854159683,176.64799598271443
329.0,122.52402354241136,177.76197636334834,150.2077514223415,155.6033636942624,147.7653517591129,176.2602330645697
330.0,119.75740789245025,149.1594916796766,150.12264431825344,152.24903086761162,147.76049688039413,176.79082342483258
331.0,104.7090513967348,15.421824663573036,150.6902742145278,149.15568106668835,148.7140172613213,176.01388138877812
332.0,124.43463558889532,172.20474671717082,152.18761309716498,141.54500665750038,150.24724250657968,176.51994165878855
333.0,130.7644068653154,173.56106960667543,154.0161999802157,147.86117864270798,151.78543152665551,177.5336116174147
334.0,133.17605395111747,169.41124904113084,154.3547981129689,158.68457029700434,151.1769617606617,177.82380673674916
335.0,137.4239403018348,164.9232191251255,153.43915947813898,153.38255736236903,151.49772167487026,178.69634507543634
336.0,143.68648192520322,151.31824779413375,152.1105799113443,145.04393565735657,151.64382441388122,177.22377654774948
337.0,143.34015809236877,153.55928326928733,151.78096492464354,147.861776087303,151.58255966087305,177.6030745766924
338.0,142.87117804207037,145.95616676585763,151.6175969952001,151.86552637116745,151.80794510148837,176.79154030685996
339.0,141.71917009581637,143.01308066460822,153.2280643961882,154.0862126704211,152.32222515518268,176.58550814412766
340.0,142.31428165516695,141.68564045887368,152.04501424452513,155.9173537736638,150.9966904788591,175.83968367372756
341.0,138.70913782436307,143.31199825302912,152.32748339821353,156.95646804481228,151.1723314021241,176.26066089237202
342.0,139.31204437379085,145.48604638460023,152.48883204460674,159.556235059882,150.09689677574667,175.0527866897046
343.0,140.73281198933012,140.0892100525255,151.92809709708334,163.8732120236905,148.84021615941055,173.15120509626385
344.0,148.00434792809554,128.65778021304266,149.80842548443462,160.65176702513963,148.64457605416615,173.65060538680657
345.0,146.84223167321068,127.23255127129198,149.74903945633363,161.90389083530715,149.35445020299096,173.00782280065042
346.0,144.84895197799358,134.71880893095909,149.8038446229483,162.10852915192925,149.41980930525693,173.38668087079444
346.0,177.12728941771854,177.28166385588173,150.1130022610919,165.27468904197173,27.923869400527284,14.324935810440204
347.0,144.55860542353494,153.62994957845711,150.7059315066431,160.01010065539631,150.54468169391438,175.3247963037831
347.0,177.75562179871906,177.46084944047627,147.58382383533794,161.9808863888221,29.678496796638484,16.773746876258755
348.0,144.68082992452412,149.25491056032388,149.82177246429555,160.66820666744417,149.97989644011105,175.2640964372325
349.0,144.31399896422403,144.41228110140202,150.93450977738786,163.86869367845662,149.27139459236756,173.3032399617539
350.0,148.7385257143017,145.78468828810466,151.58684017669302,166.24358727198063,147.98828762650476,171.97241267981292
351.0,165.44783347123112,141.7061362146999,153.15975451357608,167.19399005495998,148.41064257576434,172.17434444970502
352.0,168.3454820732724,142.87187627113536,153.1762653773558,167.68901863203524,148.07260033044986,172.39444850777383
353.0,176.34233547837263,131.72094963499586,153.77253778602193,167.3367493156156,148.68971224741463,173.0043873182061
354.0,168.01022279567,127.09688159968697,155.21604936832418,170.1399468065863,148.85772846392123,170.9878853735532
355.0,166.3469186229362,131.0430855530408,155.1667335065003,168.49688003747283,148.82534085079482,173.39533221777097
355.0,174.99310412335225,174.17004764473228,155.29822666086216,159.10915955709942,34.52369983537295,1.0462210784721206
356.0,164.0763183559196,131.7433020349595,156.93735540100653,167.15255500914947,150.4280984706768,175.24465029171094
356.0,177.12357060613883,177.26980156512536,157.55181191638542,161.3774495474,33.17037923140404,0.08741170569546994
357.0,158.9381460479432,128.99058430127693,155.94577998491476,170.56421470225536,149.9485212421915,173.67762127804468
358.0,144.75426562050973,123.17576813601235,155.31862880332596,170.45357996168352,149.18620883911322,173.96826265539698
359.0,138.04807592512677,124.22478942860145,154.03231644469372,171.87209388828725,148.37947816984035,173.94780253829248
360.0,131.20411158164487,116.35191068679896,153.1876339389061,174.08359064725428,147.51886163561244,171.4695897872538
361.0,136.36063455944728,115.96416379100427,151.76157047452728,173.80556929281974,147.37181316650114,171.54684522500463
362.0,137.52015202924903,113.47500892506663,152.33490522990556,174.09085065150444,147.3794713707087,171.4894150583187
363.0,123.57491505921391,106.06101263440115,152.40292641529405,174.21759755600561,147.23601278874492,171.44271987622068
364.0,114.52188584812774,102.14116652038426,153.7422669549048,175.65148395921497,147.87383642436464,170.87484730672136
365.0,124.03181553118718,105.40364561733719,152.74771962266394,175.84995558485753,147.38941701476853,171.6627753762939
366.0,115.05224716708453,101.04865470109984,153.82807365028273,174.5442479979601,148.63020595633137,173.02437789982181
367.0,106.26850294360823,95.62656173035158,154.9893187321428,171.86958403445385,150.54557263504182,175.5064401180835
368.0,103.78320392364614,92.00443546995604,156.39884698239044,169.20294406129645,151.88837851745598,177.9124823022782
369.0,107.61005106607871,88.13813414614941,158.95483976649047,166.6400349367294,153.5332476820154,178.97411635803851
370.0,113.98974301622025,86.97521060473085,159.41535272138591,157.5776491192733,156.17474036624313,176.1900658862728
371.0,121.04663853323963,87.43730977744546,159.71287418367973,154.28450894522345,155.96216211203352,174.998982170473
372.0,114.42363664788212,86.21419281835568,160.16204333138407,150.84265812517796,156.53370723255725,175.4036039408807
373.0,119.76844386759232,88.88845607305562,159.1466359928207,152.79142005671414,156.0199450495953,174.89476032888177
374.0,98.87988718623625,76.68567664687876,159.52150587298283,149.25502226027186,157.3401907985895,175.093869889811
375.0,94.10839902856904,74.76521793494311,158.7811917778412,149.16279403257502,156.70791773877826,175.5712639976424
376.0,83.85582595393198,69.95541325615733,159.9792486102829,146.13182463400764,157.06271607495108,175.45225896860137
377.0,81.06352334045323,68.49415775527437,160.01991712372472,145.78422652159244,156.48822997039454,174.96201692065864
378.0,80.40886013355676,65.6059139939382,160.45185321162936,151.50914748583173,156.3940441927113,174.85781778730987
379.0,80.32221129764416,64.27257102174958,161.06351181658604,152.5986326098155,156.8508101541477,174.53193298592169
380.0,79.30221576374502,63.59514099157725,161.4827502141064,156.4795420111304,156.57428016791556,176.11414660693939
381.0,80.47139544524487,61.21439519190046,161.9574090651451,154.68901266424677,156.89186857426057,175.21463201930567
382.0,76.40263490923964,58.05479944248022,162.53014751209872,151.78677592471442,157.71597616390744,174.98466046108265
383.0,73.53860132592477,57.344816920372345,162.60405530591217,152.05110443952688,157.74603044658048,175.35346821268303
384.0,72.14905091380102,57.194210598803075,162.29679898746028,147.81798852887238,157.80709912812247,173.39120509230426
385.0,71.39413210161408,57.16391456857457,162.11036261029136,147.59298408350045,158.0778755743898,173.33496937834275
386.0,69.20564002254459,57.3739072353656,161.44876752165172,147.32732207404285,157.41172252958535,174.21210964139217
387.0,67.03854296211703,57.260805063155765,160.40885859607735,146.87741932509178,157.0690264839144,174.30623538441546
388.0,62.266061809748656,55.39956977928924,160.60665667104317,146.73663055227328,157.73395172096056,174.72467597232452
389.0,60.49034028373686,53.133875085192045,160.98803418270177,148.0780233753109,158.01303171950815,174.96689099241974
390.0,61.00531914653372,52.846038045714515,160.63201628129988,145.79157932032484,157.78670135050385,175.14962193359042
391.0,61.60366485726743,52.14028865862357,160.68229966498166,144.8475143773796,158.60178244357274,174.713109229394
392.0,64.46128349721118,54.143339025716706,160.04809099102664,146.31767861096364,157.7094166404943,174.78987988590364
393.0,64.35121930277845,51.34247191806627,158.95379685578203,145.88568905400135,157.63089270418607,173.80179574312527
394.0,53.6262542526073,51.561570967913596,160.2998668531134,147.1865494186538,156.7533875198642,173.29429675405527
395.0,59.92563853284077,51.62883911116753,159.17613783228379,148.86724549532425,158.00003811597557,175.5034514158991
396.0,57.45748128009846,52.08298789344714,158.48473487104107,148.8937221358849,157.79460839199677,176.02726699192274
397.0,55.77161076584669,54.41137478367954,156.5169735327721,147.70998183651872,156.68429148352575,175.84060198730117
398.0,55.70530851811662,57.46370950160622,156.07055259625858,145.8050542500734,156.88437601481817,175.50938084896333
399.0,55.504993845884385,58.20245095327254,157.15377768148116,143.49544935073527,157.68966996238575,175.17524891187193
400.0,54.55943578403749,57.23566909587928,158.67469080530594,141.65905419914716,158.98685434817926,173.88802884268702
401.0,57.526289855909916,60.19522424801468,160.68044092198124,143.18854140277418,159.19304284647558,173.6838491189814
402.0,59.53666798134265,62.34311774880025,161.8812261700129,141.2173709796872,159.94506432658258,171.98655997433957
403.0,59.5874252463404,69.45266420925498,166.1478956000733,137.22050795262408,161.3973072772723,167.80677351567618
404.0,62.834876169932485,67.72495562852795,164.73695563886872,133.7504616716579,161.17664087129518,166.20097639723437
405.0,67.92192212530921,67.73543547414891,163.45199561289678,134.8753793847279,159.48150744891774,165.4979564432049
406.0,69.023825376577,67.9494406901668,165.84867730837428,137.06471625800884,158.6636181708873,165.00575782049182
407.0,65.58085893275862,69.3757307864839,160.66610938636356,137.11668818644426,156.09428248377031,163.12427532827888
408.0,61.905576675259574,68.5998047570281,157.75709286380234,135.4242981462032,154.05197059775656,161.91544584352204
409.0,59.65324322426817,66.47790942434062,156.92492548242888,130.97432862013005,152.5717531844159,160.1970009124951
410.0,57.699421824623556,65.1099209422635,150.64201562378418,123.83116925379623,148.11617299901158,158.6510021902217
411.0,60.832797293399274,59.98753197609325,149.83941808690378,115.59729592589532,145.37681268328998,152.37636703882333
412.0,64.57257516089007,59.754499976417975,144.61321733648296,105.18032799099818,140.8464851498646,146.7013806664346
413.0,68.71954246670967,53.25947634505689,141.58157756984212,94.37574371438428,138.39193485054187,140.9096043927322
414.0,62.66233115239768,51.73524221600902,137.50281667015923,85.01261580684027,136.2146534268672,134.66687726084632
415.0,41.536249141859365,56.444368692620095,131.85600220167277,77.1761598146308,131.27467179951063,130.5322189396057
416.0,21.70419854020518,57.44877828717693,125.87511256239722,68.56397569522905,124.58420652028117,122.6068475697618
417.0,4.677577224324478,55.47623815829453,122.9489620584387,60.12429549390527,121.19787550284998,115.5124240141688
418.0,45.91951885074211,60.203300458193496,120.51752330694153,51.59590119650301,111.30581842735751,108.56132402563713
419.0,76.58000180532484,45.87640822005954,105.99509420594221,40.163880526698584,94.94775601856146,95.09913069900173
420.0,80.58690412021504,36.76324339352324,100.12519946696236,33.41827999080869,83.7538008518344,83.02250226641802
421.0,105.44194110000507,111.01381330433902,83.38080197475502,20.74600892599243,59.74274234358821,76.11552510447173
422.0,56.17824709958921,67.49267270409023,88.11096264275672,11.235933681709566,57.62034936566005,63.650802606914134
423.0,33.702397373137195,62.23883887429431,91.32827589887584,2.0348308201998146,53.80312551381021,61.97112143250423
424.0,105.55004408601364,109.74270616213028,94.79068642598207,1.1351093802117942,38.834443477178155,62.85856724160996
425.0,20.127693286155033,67.91532996936131,98.140906942358,17.47430740587439,37.93327291272533,53.86653255069293
426.0,75.92546326717638,61.48480549403082,99.82396935624041,60.176944311853426,34.739271343991476,49.20063253275322
427.0,101.63721655074262,105.28001745234378,103.27734348538567,67.4826107548424,29.429832161847525,41.801288308065075
427.0,97.19219179932003,81.20230787353808,136.65133848999665,112.5898679263178,16.499902726938608,18.17973518051129
428.0,94.16488102974031,106.7107837823512,110.60505442293592,63.53979952796542,30.956653176123964,41.30564003974211
429.0,95.57886166447801,109.32774215098988,112.3273297827626,142.28860637419368,28.568970850987228,38.23033044006362
430.0,92.54127100970547,109.85145207488308,121.00144471648281,145.82934322559151,27.422841600606343,33.93306663448556
431.0,89.74826588523912,112.50008289412172,132.69314148705672,121.2526239002997,33.00574521958156,30.59984576734527
432.0,92.14755067420599,117.18078424233178,126.0248664769831,151.12240107072455,26.78878661678917,30.160234884670047
433.0,88.09417682055503,118.7492784040608,125.89358420546388,136.05145117854917,22.24588064233237,31.202530013228998
434.0,59.42544295629684,99.24625835449841,127.510366853328,133.58874069611272,23.37431121443004,28.93056708502775
435.0,55.08125223065593,97.74429260996877,138.19360761794675,140.58085415494605,22.606889726493744,28.998952122729328
436.0,46.44386008369454,95.16402931578804,145.3459146836561,139.52827720495114,22.434533048914172,28.854213406504662
437.0,25.198754467384145,69.60676208336778,163.45821548531438,116.81969240599958,25.277002577459093,28.758585174394593
438.0,39.773110060410865,88.35349263047343,162.63351436672767,92.10783561787635,23.103450543350235,28.75249873517213
439.0,39.65498037267617,88.39126877891538,167.25212064021824,104.32674484042701,22.354941693871254,28.640301681079695
440.0,38.35636049363896,86.85473041929774,169.7990969029484,113.03178850283076,21.92091657558963,29.31708241733726
441.0,34.956678670899805,85.05048003750153,168.6963948423275,109.48251855635013,22.23480909195581,28.571239434503337
442.0,17.46891574190805,67.019871725424,160.0378511515521,110.07777808589435,23.499465678862517,28.590930747049416
443.0,32.029836719466765,86.52455914546063,163.9458940333375,106.79701339039093,22.108150794728385,27.735499277346992
444.0,36.082809273915736,86.47097470784496,161.92749744610708,110.73294764332216,22.41257023734639,27.195339915639973
445.0,36.80555024566234,86.81528710594951,158.15347795182984,113.3649425671117,23.10841720261582,26.437925061398307
446.0,37.37142315641585,93.44095480152843,149.17806670253276,128.40501450615355,20.842926769274033,27.246538678682857
447.0,60.52685418407231,104.1173807539096,147.29605870064165,79.67703754793821,20.82807947772846,27.406777443663923
448.0,40.1844292231418,95.78209556051226,152.01139022067971,120.51694186460033,19.832369922423137,26.362723914730672
449.0,38.8050831431704,97.26095588086815,153.4368595611276,111.90586929717091,20.048625792854008,25.77107454244907
450.0,39.80616935676763,97.78873974306471,153.79875557735576,108.91440733374058,20.04724174242118,26.41523418793059
451.0,40.94958874248562,97.98096033763798,153.4320676980291,114.45066436946055,19.959767814262225,26.807147552752745
452.0,39.213151520106294,92.32301348353259,152.5295287949815,108.61865182745086,21.077285903182535,24.980406315224684
453.0,22.347577119351477,76.0348431440066,160.73362226484147,97.61200905801465,18.720823959914807,26.209680426386274
454.0,28.072155792866432,92.34806794549033,140.4484022432341,115.43456888054386,18.355839370420377,25.443083097078375
455.0,29.42991246190658,93.27626633378856,139.61085009112045,115.11268336316732,16.363388425507576,24.73731146922288
456.0,26.960970873475958,93.07519886640864,138.67400075211864,116.05188362537109,16.494697259547436,23.9036470562664
457.0,27.171036800647833,94.061836039715,135.61757897086952,113.56883572545398,17.607583232358785,23.989099868543562
458.0,25.569783608409395,95.66701988718663,137.84381400926114,122.84011324773661,16.570550948449693,24.71444178989642
459.0,23.544795261744266,94.07967076247947,136.9025137723356,123.28184131138431,16.046950726651783,24.960237337316016
460.0,27.871276743647527,96.68115930551998,135.62196517118065,126.42407945911039,14.255571519734685,25.06953571545509
461.0,25.240629374201227,99.45723339616337,130.38348113923735,117.45411728988745,13.656601394117912,25.10120326903851
462.0,33.31798752322654,99.26909050426278,126.09022147774128,116.6032764239701,13.028680751912585,24.30357198981137
463.0,34.38979127878358,101.4407011078289,135.05210952665274,108.29036840680179,13.805804991106413,24.389790900331576
464.0,37.33902295237926,107.09370646078813,139.2361544114826,111.60361409483778,13.32467027994453,24.344446250041997
465.0,39.62649296321326,105.83351835890362,141.40620381429633,110.16509460387381,13.24097579881071,23.023600515921103
466.0,43.08295770238301,98.41480928314176,149.61873467962866,106.75299986451857,14.165753337333165,22.120920342968564
467.0,30.04856211761125,91.93037192170993,144.16285483278128,106.06254575518722,15.23451869317994,22.050290659448162
468.0,26.358098816427027,91.06754924607772,149.54279673263582,108.36589500140484,16.511633236936756,21.05231819017852
469.0,20.944263533940205,93.15150162086096,150.4037819621474,106.24466471036531,15.375617036238348,21.51060047623831
470.0,24.763175131918246,115.37288571956206,143.10022048553108,95.1452394947729,12.850164539326391,20.76569389678504
471.0,17.67701702538252,117.99148888309962,143.32279896138974,99.58104221044759,12.94924952929817,21.156703671396865
472.0,20.841648385092267,110.89766532047221,141.3881513304023,99.29488929790861,12.243236131365057,21.145340768976794
473.0,27.156605182363588,113.43865173432467,149.73182984256394,106.95433729295694,12.480206256069573,21.82530313878875
474.0,41.61760426295096,114.35185477354003,148.18599788621106,108.16336420606669,11.39381283769393,21.41655837124343
475.0,44.360079172116194,118.57184961059545,142.41194200623528,110.72658848336954,10.64621418187739,21.318079530557462
476.0,43.48528348922832,121.91742173028848,136.48371327616974,121.96966551163621,11.28282552792114,21.14659416293206
477.0,42.673327645434306,121.02191703269287,139.91680776919387,142.84178345687363,11.36925137332796,21.095780527927644
478.0,26.265928015123503,116.91747268770209,144.64606501739928,134.57745115687567,9.999690946364309,21.08602713821787
479.0,37.58694489759491,113.60275501102399,143.06868160485033,126.93965477656094,7.950437372395788,21.229570760749525
480.0,39.78166605294936,115.02433796637978,139.08853753599254,137.46175396795783,6.976152574131351,20.962438770857464
481.0,36.645204697428,113.26655578729982,142.89776927843852,145.08212892001865,7.066520987894228,20.82845587262599
482.0,25.73789006857671,106.89444324330326,145.6065435329417,154.72766330407057,7.415708501100371,20.567550683699753
483.0,35.20096807320581,110.19166386970167,144.1942767688883,153.96333510946312,7.355375296321064,20.076858023417063
484.0,61.832390016330436,117.02939027491219,142.61477004522135,156.85832040249286,4.946861494721083,20.466340971487693
485.0,63.839565256811596,116.99775424343088,141.81332243426004,158.18448559044586,4.745424472652903,20.427401987371642
486.0,67.60894903424665,118.58818232063717,142.54567724162465,153.00328831865255,4.126370649047767,20.1862132900578
487.0,72.80121998669456,124.71846087309875,142.43903629617697,147.0746951750624,4.153151707314356,19.97460463145818
488.0,71.3995833784246,124.52736607756157,141.40392195843998,147.01133176187363,4.197068856992852,19.650609809187756
489.0,64.37867604262537,123.80087221252657,141.4731802124861,146.72039301855156,5.168434484938749,19.304155386119515
490.0,63.33615002511335,124.35786323522072,141.60094314877958,144.34880558833797,5.199017304137372,18.940247992372772
491.0,68.0427998979708,125.57035521031719,141.51667818454806,143.661987426101,4.598354030376371,18.717440669589738
492.0,75.75769389926326,126.01343304489285,141.5677816009028,139.53820974387293,4.87934217549488,18.056290011453985
493.0,71.0346603012921,125.82021959966706,141.19074646385096,136.71509932690012,5.901115724503223,17.49313675817081
494.0,65.97600619409586,122.11447712185537,142.15845487174266,142.4637147759405,6.363510640438428,17.569006466627275
495.0,58.50729323833798,121.66244882253538,143.77637605844762,144.0237644815098,6.133878399157495,18.293426264100983
496.0,52.58051666610107,120.2850845759539,143.16887133280179,148.95168080681475,6.165634502687501,18.66197460551364
497.0,52.12570523836304,120.73666631897021,143.56527943189496,153.79962180102234,6.8546870926075165,18.5672143207537
498.0,51.31090131055294,121.11104539572702,144.7024849279371,156.96214931639335,7.1041569284873285,18.610718380544814
499.0,52.696024194569766,123.3920447686979,144.51290485467752,159.66622290231294,6.4820281676981875,19.294939476016292
500.0,48.3520577073045,122.52710775638877,144.945944621898,171.9861501556286,6.861993540107347,19.900042682176682
501.0,27.43992293876797,109.78666179117855,151.0655670567825,175.84901132401964,9.71211262518229,19.032643665995696
502.0,28.683179549849946,106.44363402529449,153.2071740770878,177.7043083759426,9.343854857279139,18.92819016464552
503.0,27.214707668033327,106.28563021996483,154.91101993064188,175.96176451997377,9.229254282742758,18.885307284349523
504.0,29.776040031479617,107.42433798865086,155.19260241909794,175.5248074178403,9.336479511464624,18.943993756415633
505.0,29.06129736660055,106.99900373440106,155.41433460214137,173.73346431290685,9.457969389233197,18.882504352276502
506.0,30.01171733135831,105.5470298734146,157.37064917901563,171.55500406045653,9.272782454344863,19.156558349349957
507.0,26.525214363916813,106.59620864704262,159.22908869959926,174.03287817581648,8.919991103268066,19.817362201871276
508.0,23.837108207470322,106.18322906578376,161.3055440556178,173.32106479688795,9.15113116478678,20.14111412235385
509.0,22.735296162221335,107.09721648166793,162.33026260107607,171.62064780468563,9.062074532472597,20.407045196789642
510.0,26.258970647350267,109.26681402088529,161.56394495549623,172.99363982589247,8.668675722185515,20.761087220751104
511.0,21.533408426827197,109.59018120452166,161.6250019345475,171.97747890641432,8.597934846672354,21.09842419844719
512.0,15.918321936759538,110.37355921332285,162.81696665412974,175.69220430892537,8.466207594733811,21.132438059563682
